sensor_id	date	time	temperature	pressure	humidity	pressure_at_sealevel
25765	2024-06-05	06:31:45	14.6	NA	99.9	NA
31437	2024-06-05	06:31:50	11.92	98895.06	98.44	99875.39
25765	2024-06-05	07:25:29	13.6	NA	99.9	NA
31437	2024-06-05	07:25:18	11.44	99009.41	100	99992.54
25765	2024-06-05	08:28:41	14	NA	99.9	NA
31437	2024-06-05	08:30:43	16.17	99122.34	70.46	100090.43
25765	2024-06-05	09:30:33	14.9	NA	99.9	NA
31437	2024-06-05	09:29:30	16.37	99266.25	52.52	100235.08
25765	2024-06-05	10:32:02	15.3	NA	99.9	NA
31437	2024-06-05	10:30:54	16.06	99375.97	49.52	100346.91
25765	2024-06-05	11:23:16	15.5	NA	99.9	NA
31437	2024-06-05	11:22:51	16.99	99443.94	48.68	100412.42
25765	2024-06-05	12:45:57	16.8	NA	99.9	NA
31437	2024-06-05	12:45:22	16.4	99575.19	47.96	100546.93
25765	2024-06-05	13:30:10	18.3	NA	98.7	NA
31437	2024-06-05	13:29:02	15.53	99621.69	45.13	100596.83
25765	2024-06-05	14:30:58	17.5	NA	96	NA
31437	2024-06-05	14:29:40	15.91	99668.06	42.92	100642.36
25765	2024-06-05	15:26:56	17	NA	96.4	NA
31437	2024-06-05	15:27:59	16.07	99703.16	44.01	100677.26
25765	2024-06-05	16:32:37	16.7	NA	97.1	NA
31437	2024-06-05	16:33:37	14.93	99731.19	47.14	100709.44
25765	2024-06-05	17:28:32	16.3	NA	99.4	NA
31437	2024-06-05	17:29:25	15.09	99736.69	49.73	100714.45
25765	2024-06-05	18:31:45	15	NA	98.8	NA
31437	2024-06-05	18:32:30	13.74	99773.5	48.06	100756.24
25765	2024-06-05	19:23:12	13.9	NA	99.9	NA
31437	2024-06-05	19:23:32	12.38	99803.38	56.03	100791.11
25765	2024-06-05	20:26:43	13.5	NA	99.9	NA
31437	2024-06-05	20:26:33	11.31	99856.88	55.52	100848.88
25765	2024-06-05	21:27:47	13.3	NA	99.9	NA
31437	2024-06-05	21:27:10	11.43	99875.72	57.13	100867.48
25765	2024-06-05	22:28:38	13.1	NA	99.9	NA
31437	2024-06-05	22:30:29	10.77	99883	61.32	100877.15
25765	2024-06-06	06:31:55	13	NA	99.9	NA
31437	2024-06-06	06:32:32	15.98	100049.13	47.5	101026.92
25765	2024-06-06	07:25:32	13.9	NA	99.9	NA
31437	2024-06-06	07:26:00	19.55	100090.63	40.42	101056.85
25765	2024-06-06	08:31:13	14	NA	99.9	NA
31437	2024-06-06	08:31:26	20.45	100139.59	36.4	101103.31
25765	2024-06-06	09:25:42	15.6	NA	99.9	NA
31437	2024-06-06	09:27:33	21.15	100182.44	33.82	101144.27
25765	2024-06-06	10:32:01	16.2	NA	99.7	NA
31437	2024-06-06	10:31:22	20.94	100185.34	34.57	101147.88
25765	2024-06-06	11:23:33	16.5	NA	98.9	NA
31437	2024-06-06	11:22:55	17.96	100190.84	38.26	101163.33
25765	2024-06-06	12:44:42	12.9	NA	99.9	NA
31437	2024-06-06	12:45:26	12.04	100239.53	54.93	101232.77
25765	2024-06-06	13:28:35	13.9	NA	99.9	NA
31437	2024-06-06	13:26:44	14.65	100212.03	58.13	101195.95
25765	2024-06-06	14:29:34	14.8	NA	99.9	NA
31437	2024-06-06	14:29:58	15.13	100239.38	49.7	101221.93
25765	2024-06-06	15:28:37	15.5	NA	99.9	NA
31437	2024-06-06	15:28:31	15.08	100236.06	48.57	101218.75
25765	2024-06-06	16:31:57	14.5	NA	99.9	NA
31437	2024-06-06	16:31:39	13.82	100271.56	50.75	101258.93
25765	2024-06-06	17:30:27	14.8	NA	99.9	NA
31437	2024-06-06	17:29:58	13.45	100286.31	52.49	101275.1
25765	2024-06-06	18:31:19	13.3	NA	99.9	NA
31437	2024-06-06	18:30:46	10.27	100319.66	65.46	101319.92
25765	2024-06-06	19:22:41	11.5	NA	99.9	NA
31437	2024-06-06	19:24:18	9.09	100331.59	77.11	101336.17
25765	2024-06-06	20:28:24	11.2	NA	99.9	NA
31437	2024-06-06	20:27:44	8.85	100348.94	85.82	101354.56
25765	2024-06-06	21:26:40	11.5	NA	99.9	NA
31437	2024-06-06	21:25:58	9.09	100364.44	92.97	101369.35
25765	2024-06-06	22:29:56	11.3	NA	99.9	NA
31437	2024-06-06	22:29:01	9.01	100383.41	92.54	101388.8
25765	2024-06-07	06:33:38	13.9	NA	99.9	NA
31437	2024-06-07	06:34:36	19.54	100396.13	41.94	101365.33
25765	2024-06-07	07:24:39	14.3	NA	99.9	NA
31437	2024-06-07	07:25:32	19.19	100423.97	41.26	101394.6
25765	2024-06-07	08:30:14	15.3	NA	99.9	NA
31437	2024-06-07	08:31:02	22.41	100428.94	32.02	101389.01
25765	2024-06-07	09:26:17	16.3	NA	99.9	NA
31437	2024-06-07	09:27:19	20.92	100422.03	32.66	101386.91
25765	2024-06-07	10:32:22	16.5	NA	99.9	NA
31437	2024-06-07	10:32:04	23.15	100400.81	30.44	101358.2
25765	2024-06-07	11:24:21	16.7	NA	99.9	NA
31437	2024-06-07	11:25:12	18.81	100421.22	39.29	101393.1
25765	2024-06-07	12:46:53	18.1	NA	99.9	NA
31437	2024-06-07	12:45:17	15.52	100357.69	44.68	101340.06
25765	2024-06-07	13:28:16	18.4	NA	99	NA
31437	2024-06-07	13:29:01	15.72	100321.28	46.43	101302.61
25765	2024-06-07	14:28:54	15.8	NA	99.9	NA
31437	2024-06-07	14:29:55	14.86	100281.97	57.51	101265.86
25765	2024-06-07	15:29:37	16.1	NA	99.9	NA
31437	2024-06-07	15:28:18	15.62	100236.16	50.64	101217
25765	2024-06-07	16:35:17	14.4	NA	99.9	NA
31437	2024-06-07	16:33:49	13.86	100193.22	56.63	101179.68
25765	2024-06-07	17:28:52	12.3	NA	99.9	NA
31437	2024-06-07	17:29:41	10.94	100211.72	62.18	101208.54
25765	2024-06-07	18:32:08	12.1	NA	99.9	NA
31437	2024-06-07	18:33:10	10.64	100152.34	79.16	101149.63
25765	2024-06-07	19:23:19	12.3	NA	99.9	NA
31437	2024-06-07	19:24:11	10.21	100147.66	81.57	101146.42
25765	2024-06-07	20:26:36	11.8	NA	99.9	NA
31437	2024-06-07	20:25:04	9.9	100128.94	84.99	101128.61
25765	2024-06-07	21:27:29	11.6	NA	99.9	NA
31437	2024-06-07	21:26:17	9.23	100121.75	87.88	101123.73
25765	2024-06-07	22:30:43	10.9	NA	99.9	NA
31437	2024-06-07	22:29:32	8.47	100104.03	87.63	101108.55
25765	2024-06-08	06:32:24	12.4	NA	99.9	NA
31437	2024-06-08	06:31:02	11.04	99739.66	83.7	100731.44
25765	2024-06-08	07:23:25	13.5	NA	99.9	NA
31437	2024-06-08	07:24:23	17.38	99700.88	73.81	100670.55
25765	2024-06-08	08:29:35	14.6	NA	99.9	NA
31437	2024-06-08	08:27:51	18.77	99650.03	53.8	100614.57
25765	2024-06-08	09:26:06	15.6	NA	99.9	NA
31437	2024-06-08	09:26:30	19.36	99606.47	50.43	100568.64
25765	2024-06-08	10:30:19	14.6	NA	99.9	NA
31437	2024-06-08	10:29:05	14.24	99524.75	67.71	100503.33
25765	2024-06-08	11:23:59	14.3	NA	99.9	NA
31437	2024-06-08	11:22:56	13.82	99468.88	73.66	100448.34
25765	2024-06-08	12:41:49	13.3	NA	99.9	NA
31437	2024-06-08	12:42:57	11.89	99364.97	89.61	100350.06
25765	2024-06-08	13:25:31	12.5	NA	99.9	NA
31437	2024-06-08	13:26:40	11.16	99359.28	92.73	100346.86
25765	2024-06-08	14:28:39	12	NA	99.9	NA
31437	2024-06-08	14:29:53	10.46	99317.84	93.49	100307.45
25765	2024-06-08	15:27:01	12	NA	99.9	NA
31437	2024-06-08	15:23:23	10.58	99253.5	94.15	100242.05
25765	2024-06-08	16:32:37	11.2	NA	99.9	NA
31437	2024-06-08	16:31:48	9.46	99228.56	95.69	100220.79
25765	2024-06-08	17:26:17	11.1	NA	99.9	NA
31437	2024-06-08	17:27:49	9.39	99168.28	97.16	100160.16
25765	2024-06-08	18:31:52	10.8	NA	99.9	NA
31437	2024-06-08	18:31:14	8.66	99150.88	97.28	100145.16
25765	2024-06-08	19:23:13	9.8	NA	99.9	NA
31437	2024-06-08	19:22:44	7.87	99167.84	97.17	100165.1
25765	2024-06-08	20:24:14	9.9	NA	99.9	NA
31437	2024-06-08	20:25:53	8.17	99131.97	100	100127.8
25765	2024-06-08	21:22:38	10	NA	99.9	NA
31437	2024-06-08	21:24:19	8.24	99120.63	100	100116.1
25765	2024-06-08	22:30:45	9.8	NA	99.9	NA
31437	2024-06-08	22:29:53	8.27	99093.88	100	100088.97
25765	2024-06-09	06:32:11	11.9	NA	99.9	NA
31437	2024-06-09	06:30:54	15.76	98746.78	54	99712.58
25765	2024-06-09	07:23:22	11.7	NA	99.9	NA
31437	2024-06-09	07:24:12	12.25	98741.16	61.29	99718.83
25765	2024-06-09	08:29:17	11.9	NA	99.9	NA
31437	2024-06-09	08:27:42	12.04	98730.72	62.67	99709.01
25765	2024-06-09	09:27:54	11.5	NA	99.9	NA
31437	2024-06-09	09:26:55	12.16	98715.53	67.79	99693.25
25765	2024-06-09	10:29:16	11.5	NA	99.9	NA
31437	2024-06-09	10:28:41	11.13	98803.5	63.47	99785.66
25765	2024-06-09	11:23:26	10.3	NA	99.9	NA
31437	2024-06-09	11:22:51	9.8	98714.59	87.71	99700.49
25765	2024-06-09	12:43:45	13.3	NA	99.9	NA
31437	2024-06-09	12:43:13	12.19	98660.78	68.04	99637.86
25765	2024-06-09	13:27:36	11.6	NA	99.9	NA
31437	2024-06-09	13:27:02	11.1	98685	73.73	99666.08
25765	2024-06-09	14:28:25	12.1	NA	99.9	NA
31437	2024-06-09	14:27:44	11.77	98665.94	67.85	99644.52
25765	2024-06-09	15:26:47	12.9	NA	99.9	NA
31437	2024-06-09	15:26:11	12.31	98678.44	63.34	99655.28
25765	2024-06-09	16:30:06	13.2	NA	99.9	NA
31437	2024-06-09	16:29:36	12.5	98626.44	66.7	99602.11
25765	2024-06-09	17:28:32	13	NA	99.9	NA
31437	2024-06-09	17:28:02	12.1	98659.41	68.69	99636.78
25765	2024-06-09	19:22:55	12.7	NA	99.9	NA
31437	2024-06-09	19:24:53	11.39	98628.44	71.34	99607.96
25765	2024-06-09	20:28:38	12.4	NA	99.9	NA
31437	2024-06-09	20:28:13	11.23	98646.41	72.23	99626.66
25765	2024-06-09	21:24:42	12.3	NA	99.9	NA
31437	2024-06-09	21:24:04	11.11	98610.53	72	99590.84
25765	2024-06-09	22:30:29	12	NA	99.9	NA
31437	2024-06-09	22:29:42	10.61	98605.47	71.15	99587.46
25765	2024-06-10	06:34:55	12.6	NA	99.9	NA
31437	2024-06-10	06:34:15	11.86	98539.88	72.71	99516.9
25765	2024-06-10	07:26:03	12.2	NA	99.9	NA
31437	2024-06-10	07:25:26	10.89	98586.25	79.95	99567.08
25765	2024-06-10	08:31:45	12.1	NA	99.9	NA
31437	2024-06-10	08:31:16	11.34	98625.19	84.89	99604.85
25765	2024-06-10	09:28:19	12.7	NA	99.9	NA
31437	2024-06-10	09:27:55	12.7	98694.97	78.55	99670.64
25765	2024-06-10	11:23:48	14.7	NA	99.9	NA
31437	2024-06-10	11:23:50	16.27	98800.63	60.53	99765.25
25765	2024-06-10	12:46:48	15.3	NA	99.9	NA
31437	2024-06-10	12:46:38	15.46	98887	62.63	99855.18
25765	2024-06-10	13:28:20	16.4	NA	99.9	NA
31437	2024-06-10	13:28:16	16.13	98905.28	59.07	99871.39
25765	2024-06-10	14:31:29	17.1	NA	99.9	NA
31437	2024-06-10	14:31:25	16.69	98938.84	56.49	99903.4
25765	2024-06-10	15:27:38	17.2	NA	99.9	NA
31437	2024-06-10	15:29:47	16.03	98966	58.58	99933.04
25765	2024-06-10	16:33:25	16.9	NA	99.9	NA
31437	2024-06-10	16:33:09	15.91	99006.72	63.22	99974.56
25765	2024-06-10	17:29:23	17	NA	99.9	NA
31437	2024-06-10	17:29:11	15.54	99025.22	62.41	99994.48
25765	2024-06-10	18:32:54	16.3	NA	99.9	NA
31437	2024-06-10	18:32:35	15.26	99065.81	62.53	100036.42
25765	2024-06-10	19:24:16	15	NA	99.9	NA
31437	2024-06-10	19:23:53	13.38	99115.88	68.01	100093.37
25765	2024-06-10	20:27:37	13.9	NA	99.9	NA
31437	2024-06-10	20:27:08	11.82	99138.97	75.96	100122.06
25765	2024-06-10	21:25:54	13.5	NA	99.9	NA
31437	2024-06-10	21:25:50	11.63	99150.81	77.41	100134.68
25765	2024-06-10	22:31:29	13.4	NA	99.9	NA
31437	2024-06-10	22:31:21	11.64	99183.75	78.28	100167.91
25765	2024-06-11	06:32:19	15.4	NA	99.9	NA
31437	2024-06-11	06:32:37	21.73	99289.78	50.12	100241.15
25765	2024-06-11	07:25:50	16.1	NA	99.9	NA
31437	2024-06-11	07:23:45	24.82	99309.81	39.36	100251.47
25765	2024-06-11	08:31:37	16.2	NA	99.9	NA
31437	2024-06-11	08:31:56	20.93	99348.16	41.67	100302.69
25765	2024-06-11	09:27:58	16.7	NA	99.9	NA
31437	2024-06-11	09:28:14	21.73	99366.38	41.09	100318.49
25765	2024-06-11	10:32:06	18	NA	99.9	NA
31437	2024-06-11	10:33:03	27.49	99377.28	32.78	100311.18
25765	2024-06-11	11:23:30	17.4	NA	99.9	NA
31437	2024-06-11	11:24:29	20.38	99416.81	42.91	100373.8
25765	2024-06-11	12:46:11	19.5	NA	99.9	NA
31437	2024-06-11	12:47:03	19.14	99462.16	45.65	100423.66
25765	2024-06-11	13:29:55	19.5	NA	99.9	NA
31437	2024-06-11	13:28:18	18.21	99471.78	47.94	100436.46
25765	2024-06-11	14:30:52	19.1	NA	99.9	NA
31437	2024-06-11	14:29:02	16.97	99490.38	51.19	100459.38
25765	2024-06-11	15:29:17	18.8	NA	99.9	NA
31437	2024-06-11	15:29:52	16.87	99534.53	50.82	100504.29
25765	2024-06-11	16:32:39	19	NA	99.9	NA
31437	2024-06-11	16:33:05	17.66	99545.53	47.79	100512.75
25765	2024-06-11	17:28:42	18.5	NA	99.9	NA
31437	2024-06-11	17:29:01	16.9	99554.53	50.64	100524.39
25765	2024-06-11	18:31:52	17	NA	99.9	NA
31437	2024-06-11	18:32:28	15.62	99600.34	55.2	100574.96
25765	2024-06-11	19:23:00	16.1	NA	99.9	NA
31437	2024-06-11	19:23:31	14.07	99627.16	59.29	100607.33
25765	2024-06-11	21:29:39	14.3	NA	99.9	NA
31437	2024-06-11	21:30:16	12.01	99685.44	63.43	100673.29
25765	2024-06-11	22:27:56	13.6	NA	99.9	NA
31437	2024-06-11	22:28:36	11.4	99711.19	64.64	100701.42
25765	2024-06-12	06:33:48	16.3	NA	99.9	NA
31437	2024-06-12	06:31:41	20.76	99752.81	48.87	100711.79
25765	2024-06-12	07:24:47	17.7	NA	99.9	NA
31437	2024-06-12	07:25:02	25.51	99760.91	37.94	100704.65
25765	2024-06-12	08:30:41	17.9	NA	99.9	NA
31437	2024-06-12	08:30:56	22.78	99750.34	40.01	100702.72
25765	2024-06-12	09:26:48	18.9	NA	99.9	NA
31437	2024-06-12	09:27:32	24.38	99760.88	36.7	100708.22
25765	2024-06-12	10:30:43	18.3	NA	99.9	NA
31437	2024-06-12	10:31:39	24.46	99747.84	40.58	100694.8
25765	2024-06-12	11:22:47	15.8	NA	99.9	NA
31437	2024-06-12	11:23:26	14.8	99809.19	65.9	100788.65
25765	2024-06-12	12:47:56	14.4	NA	99.9	NA
31437	2024-06-12	12:46:16	13.92	99839.91	82.46	100822.68
25765	2024-06-12	13:26:56	14.8	NA	99.9	NA
31437	2024-06-12	13:27:33	15.25	99866.84	76.42	100845.33
25765	2024-06-12	14:27:51	15.1	NA	99.9	NA
31437	2024-06-12	14:28:27	15.35	99893.5	65.46	100871.91
25765	2024-06-12	15:26:20	14.7	NA	99.9	NA
31437	2024-06-12	15:26:50	14.1	99913.31	63.35	100896.19
25765	2024-06-12	16:34:41	15.4	NA	99.9	NA
31437	2024-06-12	16:34:58	14.94	99909.75	55.41	100889.72
25765	2024-06-12	17:28:21	15.1	NA	99.9	NA
31437	2024-06-12	17:28:45	14.21	99939.94	54.13	100922.7
25765	2024-06-12	18:31:44	14.6	NA	99.9	NA
31437	2024-06-12	18:31:54	13.54	99954.94	55.29	100940.16
25765	2024-06-12	19:23:13	14.3	NA	99.9	NA
31437	2024-06-12	19:23:18	12.87	99915.84	53.81	100902.99
25765	2024-06-12	20:28:48	13.4	NA	99.9	NA
31437	2024-06-12	20:28:52	11.72	99976.53	56.55	100968.28
25765	2024-06-12	21:24:40	12.8	NA	99.9	NA
31437	2024-06-12	21:24:42	10.9	99964.16	61.18	100958.66
25765	2024-06-12	22:30:18	12.2	NA	99.9	NA
31437	2024-06-12	22:30:26	10.26	99977.22	62.73	100974.11
25765	2024-06-13	06:31:37	11.3	NA	99.9	NA
31437	2024-06-13	06:31:49	10.53	99978.59	67.71	100974.54
25765	2024-06-13	07:22:36	11.5	NA	99.9	NA
31437	2024-06-13	07:22:43	10.38	100000.38	69.51	100997.07
25765	2024-06-13	08:30:57	11.8	NA	99.9	NA
31437	2024-06-13	08:31:13	11.11	100021.81	66.91	101016.15
25765	2024-06-13	09:27:04	12.3	NA	99.9	NA
31437	2024-06-13	09:27:46	11.56	100048.78	61.92	101041.81
25765	2024-06-13	10:31:33	13.3	NA	99.9	NA
31437	2024-06-13	10:31:38	13.63	100079.88	53.61	101066.02
25765	2024-06-13	11:23:08	14.5	NA	99.9	NA
31437	2024-06-13	11:22:58	15.89	100096.53	47.58	101075.09
25765	2024-06-13	12:45:43	14.2	NA	99.9	NA
31437	2024-06-13	12:45:36	14.59	100148.59	50.4	101132.1
25765	2024-06-13	13:29:34	14.7	NA	99.9	NA
31437	2024-06-13	13:29:21	14.82	100161.91	48.88	101144.76
25765	2024-06-13	14:30:35	16.6	NA	99.9	NA
31437	2024-06-13	14:30:06	14.77	100171.59	49.04	101154.71
25765	2024-06-13	15:26:45	16.7	NA	99.9	NA
31437	2024-06-13	15:28:49	14.86	100164.38	50.83	101147.12
25765	2024-06-13	16:34:45	16.3	NA	99.9	NA
31437	2024-06-13	16:34:24	15.97	100167.81	50.23	101146.79
25765	2024-06-13	17:28:14	15.2	NA	99.9	NA
31437	2024-06-13	17:27:46	13.44	100186.38	57.37	101174.22
25765	2024-06-13	18:33:49	13.4	NA	99.9	NA
31437	2024-06-13	18:33:19	11.61	100202.09	68.38	101196.46
25765	2024-06-13	19:24:55	12.4	NA	99.9	NA
31437	2024-06-13	19:24:18	10.13	100213.44	78.12	101213.14
25765	2024-06-13	20:28:26	12.3	NA	99.9	NA
31437	2024-06-13	20:27:49	10.09	100247.19	87.13	101247.37
25765	2024-06-13	21:26:43	11.8	NA	99.9	NA
31437	2024-06-13	21:26:13	9.49	100241.63	93.07	101243.89
25765	2024-06-13	22:28:01	11.8	NA	99.9	NA
31437	2024-06-13	22:29:26	9.6	100239.78	97.92	101241.63
25765	2024-06-14	06:34:44	13.9	NA	99.9	NA
31437	2024-06-14	06:33:45	13.42	100260.31	89.07	101248.95
25765	2024-06-14	07:25:50	14.6	NA	99.9	NA
31437	2024-06-14	07:24:51	15.09	100254.31	76	101237.14
25765	2024-06-14	08:29:10	15.9	NA	99.9	NA
31437	2024-06-14	08:30:46	15.48	100268.84	66.5	101250.48
25765	2024-06-14	09:25:46	14.6	NA	99.9	NA
31437	2024-06-14	09:27:18	14.71	100287.63	69.1	101272.09
25765	2024-06-14	10:29:45	14.9	NA	99.9	NA
31437	2024-06-14	10:31:49	13.14	100293.91	71.68	101283.85
25765	2024-06-14	11:23:51	14.8	NA	99.9	NA
31437	2024-06-14	11:23:19	13.26	100282.34	72.69	101271.75
25765	2024-06-14	12:46:26	16.4	NA	99.9	NA
31437	2024-06-14	12:45:50	14.82	100258.59	64.11	101242.39
25765	2024-06-14	13:27:44	16.9	NA	99.9	NA
31437	2024-06-14	13:29:39	15.74	100268.91	58.49	101249.66
25765	2024-06-14	14:28:53	16	NA	99.9	NA
31437	2024-06-14	14:30:37	14.63	100246.84	62.64	101231.18
25765	2024-06-14	15:29:34	16.1	NA	99.9	NA
31437	2024-06-14	15:28:53	14.83	100190.59	64.5	101173.69
25765	2024-06-14	16:32:50	16.8	NA	99.9	NA
31437	2024-06-14	16:32:01	15.8	100171.84	63.27	101151.44
25765	2024-06-14	17:31:04	16.7	NA	99.9	NA
31437	2024-06-14	17:30:24	15.76	100144.09	64.71	101123.56
25765	2024-06-14	18:31:44	16.8	NA	99.9	NA
31437	2024-06-14	18:33:30	15.99	100118.88	63.76	101097.32
25765	2024-06-14	19:22:43	16.4	NA	99.9	NA
31437	2024-06-14	19:24:28	15.22	100107.5	64.36	101088.45
25765	2024-06-14	21:26:48	14.5	NA	99.9	NA
31437	2024-06-14	21:25:48	13.31	100104.09	71.15	101091.57
25765	2024-06-14	22:30:24	14.3	NA	99.9	NA
31437	2024-06-14	22:28:59	12.85	100089.56	70.57	101078.49
25765	2024-06-15	06:31:50	16	NA	99.9	NA
31437	2024-06-15	06:30:10	16.55	99696.78	54.11	100669.2
25765	2024-06-15	07:25:19	17	NA	99.9	NA
31437	2024-06-15	07:23:44	15.93	99711.56	55.5	100686.22
25765	2024-06-15	08:28:40	16.5	NA	99.9	NA
31437	2024-06-15	08:29:25	15.63	99640.44	57.11	100615.42
25765	2024-06-15	09:24:39	17.1	NA	99.9	NA
31437	2024-06-15	09:25:23	16.55	99529.09	54.91	100499.88
25765	2024-06-15	10:30:55	18.6	NA	99.9	NA
31437	2024-06-15	10:30:04	18.17	99443.97	50.99	100408.51
25765	2024-06-15	11:22:54	18.8	NA	99.9	NA
31437	2024-06-15	11:22:43	18.2	99378.97	51.23	100342.78
25765	2024-06-15	12:43:12	18.8	NA	99.9	NA
31437	2024-06-15	12:42:55	17.57	99292.28	56.23	100257.34
25765	2024-06-15	13:26:58	16.8	NA	99.9	NA
31437	2024-06-15	13:26:41	13.62	99277.5	78.92	100255.76
25765	2024-06-15	14:27:42	15.7	NA	99.9	NA
31437	2024-06-15	14:27:25	13.19	99183.53	95.11	100162.34
25765	2024-06-15	15:26:06	15.4	NA	99.9	NA
31437	2024-06-15	15:25:54	12.69	99132.44	100	100112.47
25765	2024-06-15	16:31:43	14.9	NA	99.9	NA
31437	2024-06-15	16:31:25	12.57	99082.53	100	100062.48
25765	2024-06-15	17:27:44	15	NA	99.9	NA
31437	2024-06-15	17:27:26	12.81	99113.75	100	100093.18
25765	2024-06-15	18:31:04	14.5	NA	99.9	NA
31437	2024-06-15	18:31:07	12.84	99217.81	100	100198.16
25765	2024-06-15	19:24:37	14.5	NA	99.9	NA
31437	2024-06-15	19:24:44	12.87	99298.47	100	100279.52
25765	2024-06-15	20:27:56	14.4	NA	99.9	NA
31437	2024-06-15	20:27:53	12.83	99416.66	100	100399.01
25765	2024-06-15	21:23:55	14.4	NA	99.9	NA
31437	2024-06-15	21:23:47	12.95	99479.69	100	100462.25
25765	2024-06-15	22:29:48	14.2	NA	99.9	NA
31437	2024-06-15	22:29:23	12.86	99543.38	100	100526.88
25765	2024-06-16	06:31:20	16	NA	99.9	NA
31437	2024-06-16	06:32:50	17.02	99828.38	80	100800.5
25765	2024-06-16	07:24:52	16.5	NA	99.9	NA
31437	2024-06-16	07:23:52	18.27	99851.53	76.65	100819.69
25765	2024-06-16	08:30:41	18.3	NA	99.9	NA
31437	2024-06-16	08:29:24	22.1	99872.97	66.42	100828.73
25765	2024-06-16	09:26:47	18.7	NA	99.9	NA
31437	2024-06-16	09:25:44	18.32	99900.28	63.07	100868.75
25765	2024-06-16	10:30:40	20.3	NA	99.9	NA
31437	2024-06-16	10:30:06	21.72	99903.56	54.69	100860.85
25765	2024-06-16	11:22:37	19.8	NA	99.9	NA
31437	2024-06-16	11:23:52	19.76	99921.91	51.02	100885.8
25765	2024-06-16	12:42:43	20.3	NA	99.9	NA
31437	2024-06-16	12:43:57	20.52	99908.94	48.91	100870.21
25765	2024-06-16	13:26:29	21.7	NA	99.9	NA
31437	2024-06-16	13:25:13	20.74	99873.38	46.41	100833.58
25765	2024-06-16	14:27:12	21.8	NA	99.9	NA
31437	2024-06-16	14:28:30	20.52	99855.34	45.3	100816.09
25765	2024-06-16	15:28:29	21.2	NA	99.9	NA
31437	2024-06-16	15:27:10	20.74	99857.53	45.76	100817.58
25765	2024-06-16	16:31:37	20.6	NA	99.9	NA
31437	2024-06-16	16:32:39	19.87	99850.19	48.42	100813.03
25765	2024-06-16	17:27:24	20.8	NA	99.9	NA
31437	2024-06-16	17:25:59	19.39	99850.22	48.68	100814.65
25765	2024-06-16	18:33:01	19.4	NA	99.9	NA
31437	2024-06-16	18:31:27	17.56	99880.19	59.7	100851
25765	2024-06-16	19:23:59	18.7	NA	99.9	NA
31437	2024-06-16	19:24:54	17.2	99908.88	61.45	100881.18
25765	2024-06-16	20:24:42	17	NA	99.9	NA
31437	2024-06-16	20:25:36	14.73	99922.59	67.96	100903.4
25765	2024-06-16	21:27:51	16.4	NA	99.9	NA
31437	2024-06-16	21:26:16	14.97	99886.09	70.1	100865.72
25765	2024-06-16	22:31:04	15.8	NA	99.9	NA
31437	2024-06-16	22:31:45	14.05	99899.53	75.5	100882.44
25765	2024-06-17	06:35:54	15.9	NA	99.9	NA
31437	2024-06-17	06:33:51	16.9	100047.38	100	101022.04
25765	2024-06-17	07:24:35	16.4	NA	99.9	NA
31437	2024-06-17	07:24:56	19.53	100067.97	100	101034.03
25765	2024-06-17	08:32:40	17.2	NA	99.9	NA
31437	2024-06-17	08:32:52	24.25	100098.63	63.21	101049.59
25765	2024-06-17	09:28:51	17.5	NA	99.9	NA
31437	2024-06-17	09:26:38	22.98	100145.09	63.18	101100.59
25765	2024-06-17	10:32:26	18.9	NA	99.9	NA
31437	2024-06-17	10:33:23	26.79	100143.5	50.75	101086.8
25765	2024-06-17	11:23:42	20.3	NA	99.9	NA
31437	2024-06-17	11:24:46	21.87	100133.44	49.58	101092.44
25765	2024-06-17	12:48:51	20.5	NA	99.9	NA
31437	2024-06-17	12:49:46	19.32	100112.88	55.51	101080.07
25765	2024-06-17	13:27:57	20.7	NA	99.9	NA
31437	2024-06-17	13:28:38	19.13	100091.88	56.29	101059.5
25765	2024-06-17	14:28:50	20.2	NA	99.9	NA
31437	2024-06-17	14:29:25	17.64	100113.44	56.17	101086.25
25765	2024-06-17	15:29:54	19.8	NA	99.9	NA
31437	2024-06-17	15:27:51	19.3	100098.91	51.52	101066.04
25765	2024-06-17	16:33:14	19.9	NA	99.9	NA
31437	2024-06-17	16:33:29	18.54	100103.41	50.62	101073.11
25765	2024-06-17	17:29:11	19.5	NA	99.9	NA
31437	2024-06-17	17:29:23	17.19	100116.16	56.81	101090.51
25765	2024-06-17	18:32:29	18.1	NA	99.9	NA
31437	2024-06-17	18:32:43	16.05	100118.69	65.25	101096.92
25765	2024-06-17	19:23:46	17	NA	99.9	NA
31437	2024-06-17	19:23:50	14.95	100124	71.49	101106.03
25765	2024-06-17	20:24:34	16.4	NA	99.9	NA
31437	2024-06-17	20:24:36	14.08	100111.72	72.74	101096.62
25765	2024-06-17	21:25:43	15.8	NA	99.9	NA
31437	2024-06-17	21:25:40	13.67	100124.13	79.56	101110.56
25765	2024-06-18	06:34:54	15.4	NA	99.9	NA
31437	2024-06-18	06:34:19	15.12	100185.38	74.2	101167.43
25765	2024-06-18	07:26:02	15.9	NA	99.9	NA
31437	2024-06-18	07:25:17	17.25	100205.13	59.27	101180.14
25765	2024-06-18	08:31:40	16.2	NA	99.9	NA
31437	2024-06-18	08:30:48	17.4	100236.88	57.77	101211.7
25765	2024-06-18	09:27:43	17.1	NA	99.9	NA
31437	2024-06-18	09:27:13	17.66	100269.97	58.24	101244.23
25765	2024-06-18	10:32:27	16.5	NA	99.9	NA
31437	2024-06-18	10:31:32	16.06	100298.44	64.97	101278.39
25765	2024-06-18	11:23:42	17.1	NA	99.9	NA
31437	2024-06-18	11:22:51	17.21	100293.56	60.85	101269.57
25765	2024-06-18	12:46:12	17.7	NA	99.9	NA
31437	2024-06-18	12:47:52	17.84	100288.53	60.42	101262.37
25765	2024-06-18	13:29:54	18.1	NA	99.9	NA
31437	2024-06-18	13:29:08	18.55	100279.44	56.27	101250.81
25765	2024-06-18	14:30:41	17.5	NA	99.9	NA
31437	2024-06-18	14:29:47	17.32	100284.44	58.75	101259.99
25765	2024-06-18	15:28:59	17.9	NA	99.9	NA
31437	2024-06-18	15:28:23	17.41	100283.22	57.56	101258.45
25765	2024-06-18	16:34:47	18.3	NA	99.9	NA
31437	2024-06-18	16:33:55	17.38	100257.13	55.25	101232.21
25765	2024-06-18	17:30:46	18.4	NA	99.9	NA
31437	2024-06-18	17:29:43	16.52	100220.94	57.74	101198.57
25765	2024-06-18	18:31:44	16.7	NA	99.9	NA
31437	2024-06-18	18:33:00	15.65	100215.13	63.47	101195.66
25765	2024-06-18	19:22:46	15.6	NA	99.9	NA
31437	2024-06-18	19:24:06	14.52	100170.53	66.79	101154.49
25765	2024-06-18	20:26:04	15.1	NA	99.9	NA
31437	2024-06-18	20:27:17	13.95	100191.22	70.01	101177.35
25765	2024-06-18	21:24:25	14.3	NA	99.9	NA
31437	2024-06-18	21:25:36	13.11	100186.25	72.36	101175.23
25765	2024-06-18	22:30:07	14.4	NA	99.9	NA
31437	2024-06-18	22:28:36	12.97	100163.13	74.24	101152.37
25765	2024-06-19	06:33:39	15.5	NA	99.9	NA
31437	2024-06-19	06:33:48	18.97	100029.47	59.25	100997.02
25765	2024-06-19	07:24:41	16.2	NA	99.9	NA
31437	2024-06-19	07:24:47	19.78	100041.19	55	101006.17
25765	2024-06-19	08:30:22	16.4	NA	99.9	NA
31437	2024-06-19	08:30:25	24.25	100058.84	40.06	101009.43
25765	2024-06-19	09:29:38	17.2	NA	99.9	NA
31437	2024-06-19	09:29:29	25.86	100078.03	36.29	101023.66
25765	2024-06-19	10:31:30	17.6	NA	99.9	NA
31437	2024-06-19	10:31:35	25.45	100112.13	35.44	101059.39
25765	2024-06-19	11:23:00	18.8	NA	99.9	NA
31437	2024-06-19	11:23:05	20.14	100139.47	45.75	101104.21
25765	2024-06-19	12:46:01	18.8	NA	99.9	NA
31437	2024-06-19	12:46:01	18.23	100197.63	53.85	101169.28
25765	2024-06-19	13:29:57	19.5	NA	99.9	NA
31437	2024-06-19	13:29:54	17.53	100193.5	56.56	101167.46
25765	2024-06-19	14:28:46	19.6	NA	99.9	NA
31437	2024-06-19	14:28:44	17.54	100231.13	57.48	101205.42
25765	2024-06-19	15:27:27	19.2	NA	99.9	NA
31437	2024-06-19	15:29:48	17.49	100227.81	54.83	101202.24
25765	2024-06-19	16:33:30	19	NA	99.9	NA
31437	2024-06-19	16:33:23	17.38	100262.34	56.84	101237.47
25765	2024-06-19	17:29:33	19.4	NA	99.9	NA
31437	2024-06-19	17:29:15	17.16	100299.91	56.19	101276.15
25765	2024-06-19	18:33:36	17.3	NA	99.9	NA
31437	2024-06-19	18:32:32	16.25	100344.09	66.04	101323.84
25765	2024-06-19	19:22:47	16.6	NA	99.9	NA
31437	2024-06-19	19:23:42	15.32	100383.53	68.99	101366.84
25765	2024-06-19	20:26:10	15.6	NA	99.9	NA
31437	2024-06-19	20:26:55	13.95	100447.88	77.54	101436.53
25765	2024-06-19	21:27:00	15	NA	99.9	NA
31437	2024-06-19	21:25:45	13.15	100485.03	80.97	101476.82
25765	2024-06-19	22:27:48	14.7	NA	99.9	NA
31437	2024-06-19	22:29:07	12.78	100502.16	83.54	101495.41
25765	2024-06-20	06:33:50	15.8	NA	99.9	NA
31437	2024-06-20	06:32:20	17.3	100727.06	51.89	101706.98
25765	2024-06-20	07:24:50	16.1	NA	99.9	NA
31437	2024-06-20	07:23:25	18.37	100775.19	46.35	101751.97
25765	2024-06-20	08:30:45	16.1	NA	99.9	NA
31437	2024-06-20	08:31:30	18.92	100812.69	45.82	101787.98
25765	2024-06-20	09:29:21	16.5	NA	99.9	NA
31437	2024-06-20	09:28:27	22.14	100809.47	41.32	101774.06
25765	2024-06-20	10:31:27	16.4	NA	99.9	NA
31437	2024-06-20	10:31:19	18.72	100834.47	51.25	101810.65
25765	2024-06-20	11:22:51	16.6	NA	99.9	NA
31437	2024-06-20	11:23:12	18.48	100893.13	54.2	101870.68
25765	2024-06-20	12:45:41	17.7	NA	99.9	NA
31437	2024-06-20	12:45:49	18.46	100855.5	54.66	101832.75
25765	2024-06-20	13:27:20	18.2	NA	99.9	NA
31437	2024-06-20	13:27:29	18.67	100842.53	54.95	101818.95
25765	2024-06-20	14:28:17	18.4	NA	99.9	NA
31437	2024-06-20	14:28:38	17.99	100825.47	57.08	101804.02
25765	2024-06-20	15:29:31	18.7	NA	99.9	NA
31437	2024-06-20	15:27:48	18.03	100795.59	59.11	101773.71
25765	2024-06-20	16:35:31	18.3	NA	99.9	NA
31437	2024-06-20	16:33:38	17.18	100765.88	62.82	101746.59
25765	2024-06-20	17:26:52	18	NA	99.9	NA
31437	2024-06-20	17:27:32	16.85	100732.72	64.67	101714.22
25765	2024-06-20	18:32:57	17	NA	99.9	NA
31437	2024-06-20	18:31:10	16.14	100675.31	66.6	101658.67
25765	2024-06-20	19:24:22	16.5	NA	99.9	NA
31437	2024-06-20	19:25:01	15.46	100655.19	70.68	101640.68
25765	2024-06-20	20:25:49	15.7	NA	99.9	NA
31437	2024-06-20	20:26:14	14.31	100670.78	75.27	101660.38
25765	2024-06-20	21:24:43	15.2	NA	99.9	NA
31437	2024-06-20	21:24:54	13.86	100682.94	76.57	101674.22
25765	2024-06-21	06:33:32	16.1	NA	99.9	NA
31437	2024-06-21	06:34:29	21.63	100657.78	53.3	101622.59
25765	2024-06-21	07:24:47	17	NA	99.9	NA
31437	2024-06-21	07:25:40	21	100635.41	52.38	101602.08
25765	2024-06-21	08:30:58	17.9	NA	99.9	NA
31437	2024-06-21	08:31:42	27.28	100612.09	37.63	101558.26
25765	2024-06-21	09:27:45	18.8	NA	99.9	NA
31437	2024-06-21	09:26:32	29.12	100634.16	31.53	101574.75
25765	2024-06-21	10:31:48	19.2	NA	99.9	NA
31437	2024-06-21	10:31:41	26.52	100690.41	34.57	101639.72
25765	2024-06-21	11:23:21	20.1	NA	99.9	NA
31437	2024-06-21	11:23:23	21.29	100673.53	43.46	101639.61
25765	2024-06-21	12:44:16	22	NA	99.9	NA
31437	2024-06-21	12:44:16	19.15	100587.34	48.35	101559.69
25765	2024-06-21	13:28:17	22.1	NA	99.9	NA
31437	2024-06-21	13:28:08	19.22	100565.09	48.08	101536.99
25765	2024-06-21	14:29:54	21.7	NA	99.9	NA
31437	2024-06-21	14:29:19	19.38	100543.38	48.4	101514.53
25765	2024-06-21	15:32:12	20.2	NA	99.9	NA
31437	2024-06-21	15:31:15	19.42	100472.13	45.72	101442.46
25765	2024-06-21	16:31:12	20.4	NA	99.9	NA
31437	2024-06-21	16:32:30	19.03	100367.66	44.63	101338.28
25765	2024-06-21	17:27:58	20.3	NA	99.9	NA
31437	2024-06-21	17:28:57	18.5	100285.84	44.62	101257.44
25765	2024-06-21	18:31:40	19.6	NA	99.9	NA
31437	2024-06-21	18:32:27	18.53	100227.88	43.16	101198.82
25765	2024-06-21	19:23:20	19.3	NA	99.9	NA
31437	2024-06-21	19:24:04	18.29	100186	44.02	101157.34
25765	2024-06-21	20:26:31	18.4	NA	99.9	NA
31437	2024-06-21	20:27:22	17.21	100174.66	48.21	101149.51
25765	2024-06-21	21:25:10	17.9	NA	99.9	NA
31437	2024-06-21	21:26:14	16.87	100141.91	53.56	101117.59
25765	2024-06-21	22:28:25	17.6	NA	99.9	NA
31437	2024-06-21	22:29:20	16.59	100109.72	57.52	101086.03
25765	2024-06-22	06:30:47	13.1	NA	99.9	NA
31437	2024-06-22	06:31:51	10.76	99751.5	100	100744.38
25765	2024-06-22	07:24:28	12.6	NA	99.9	NA
31437	2024-06-22	07:22:57	10.1	99732.75	100	100727.76
25765	2024-06-22	08:30:23	12.9	NA	99.9	NA
31437	2024-06-22	08:28:44	10.41	99685.5	100	100678.95
25765	2024-06-22	09:26:47	13.2	NA	99.9	NA
31437	2024-06-22	09:25:53	10.9	99681.09	100	100672.77
25765	2024-06-22	10:31:14	13.5	NA	99.9	NA
31437	2024-06-22	10:32:57	11.52	99667.56	100	100656.94
25765	2024-06-22	11:23:20	13.9	NA	99.9	NA
31437	2024-06-22	11:24:27	12.2	99666.78	100	100653.79
25765	2024-06-22	12:44:21	14.5	NA	99.9	NA
31437	2024-06-22	12:45:46	12.98	99677.59	100	100662
25765	2024-06-22	13:28:25	14.7	NA	99.9	NA
31437	2024-06-22	13:27:09	13.3	99690.53	100	100673.97
25765	2024-06-22	14:29:29	15.1	NA	99.9	NA
31437	2024-06-22	14:28:22	14.18	99685.94	100	100666.31
25765	2024-06-22	15:27:56	15.4	NA	99.9	NA
31437	2024-06-22	15:26:57	14.36	99693.13	100	100672.95
25765	2024-06-22	16:33:57	15.5	NA	99.9	NA
31437	2024-06-22	16:32:53	14.46	99685.81	100	100665.22
25765	2024-06-22	17:27:55	15.7	NA	99.9	NA
31437	2024-06-22	17:26:32	14.94	99706.75	100	100684.72
25765	2024-06-22	18:31:09	15.7	NA	99.9	NA
31437	2024-06-22	18:29:57	14.9	99777.47	100	100756.27
25765	2024-06-22	19:22:35	15.6	NA	99.9	NA
31437	2024-06-22	19:23:41	14.08	99775.03	100	100756.62
25765	2024-06-22	20:26:23	15.6	NA	99.9	NA
31437	2024-06-22	20:25:05	14.51	99813.63	100	100794.12
25765	2024-06-22	21:24:10	15.4	NA	99.9	NA
31437	2024-06-22	21:23:37	13.79	99846.38	100	100829.66
25765	2024-06-22	22:28:16	15	NA	99.9	NA
31437	2024-06-22	22:29:52	13.43	99871.75	100	100856.52
25765	2024-06-23	06:30:52	15.1	NA	99.9	NA
31437	2024-06-23	06:32:13	13.39	100233.41	100	101221.89
25765	2024-06-23	07:24:33	15.3	NA	99.9	NA
31437	2024-06-23	07:23:24	14.64	100276.47	100	101261.06
25765	2024-06-23	08:27:49	16.2	NA	99.9	NA
31437	2024-06-23	08:29:07	16.8	100341.38	100	101319.24
25765	2024-06-23	09:26:48	16.3	NA	99.9	NA
31437	2024-06-23	09:25:37	16.4	100390.78	100	101370.48
25765	2024-06-23	10:30:58	17.7	NA	99.9	NA
31437	2024-06-23	10:30:50	20.3	100434.72	98.75	101401.77
25765	2024-06-23	11:23:12	18.6	NA	99.9	NA
31437	2024-06-23	11:22:57	20.96	100449.97	91.3	101414.99
25765	2024-06-23	12:44:41	18.5	NA	99.9	NA
31437	2024-06-23	12:43:13	19.42	100508.13	87.95	101478.81
25765	2024-06-23	13:23:42	18.8	NA	99.9	NA
31437	2024-06-23	13:24:44	19.39	100539.84	87.41	101510.93
25765	2024-06-23	14:27:08	19.5	NA	99.9	NA
31437	2024-06-23	14:27:58	18.87	100577.91	87.82	101551.1
25765	2024-06-23	15:26:01	19.2	NA	99.9	NA
31437	2024-06-23	15:26:31	18.55	100588.78	79.29	101563.15
25765	2024-06-23	16:29:41	19.2	NA	99.9	NA
31437	2024-06-23	16:30:09	18.5	100615.25	88.32	101590.04
25765	2024-06-23	17:26:44	18.6	NA	99.9	NA
31437	2024-06-23	17:26:20	17.16	100596.31	87.09	101575.43
25765	2024-06-23	18:29:52	18	NA	99.9	NA
31437	2024-06-23	18:30:07	16.38	100601.31	90.92	101583.13
25765	2024-06-23	19:24:08	17.4	NA	99.9	NA
31437	2024-06-23	19:24:00	15.69	100619.75	90.97	101604.11
25765	2024-06-23	20:25:43	16.7	NA	99.9	NA
31437	2024-06-23	20:25:26	14.61	100651.03	91.41	101639.4
25765	2024-06-23	21:24:29	16.2	NA	99.9	NA
31437	2024-06-23	21:24:09	13.92	100659.34	94.79	101650.18
25765	2024-06-23	22:28:20	16.1	NA	99.9	NA
31437	2024-06-23	22:27:39	14.25	100684.81	97.55	101674.76
25765	2024-06-24	06:33:46	16.5	NA	99.9	NA
31437	2024-06-24	06:33:32	17.11	100869.25	87.83	101851.2
25765	2024-06-24	07:24:49	17.4	NA	99.9	NA
31437	2024-06-24	07:24:37	19.03	100913.13	73.3	101889.03
25765	2024-06-24	08:31:40	18.3	NA	99.9	NA
31437	2024-06-24	08:30:46	27.4	100941.69	47.27	101890.58
25765	2024-06-24	09:28:12	19.7	NA	99.9	NA
31437	2024-06-24	09:29:50	30.76	100949.63	37.74	101888.06
25765	2024-06-24	10:30:56	20.8	NA	99.9	NA
31437	2024-06-24	10:32:15	30.46	100964.69	36.24	101904.19
25765	2024-06-24	12:46:21	23.2	NA	99.9	NA
31437	2024-06-24	12:46:44	19.94	100994.09	59.61	101967.73
25765	2024-06-24	13:27:48	23.5	NA	99.9	NA
31437	2024-06-24	13:25:38	19.73	100988.72	60.76	101963.01
25765	2024-06-24	14:28:52	22.9	NA	99.9	NA
31437	2024-06-24	14:28:47	19.66	101006.56	61.5	101981.25
25765	2024-06-24	15:29:45	21.8	NA	99.9	NA
31437	2024-06-24	15:29:39	20.04	101005.19	60.97	101978.6
25765	2024-06-24	16:30:49	21.8	NA	99.9	NA
31437	2024-06-24	16:33:00	19.71	100997.63	61.49	101972.07
25765	2024-06-24	17:26:56	21.5	NA	99.9	NA
31437	2024-06-24	17:26:43	19.25	101016.81	63.58	101992.97
25765	2024-06-24	18:32:46	20.2	NA	99.9	NA
31437	2024-06-24	18:32:30	18.13	101040.5	65.29	102020.66
25765	2024-06-24	19:24:04	19.5	NA	99.9	NA
31437	2024-06-24	19:23:45	17.29	101029.69	69.23	102012.59
25765	2024-06-24	20:27:34	18.3	NA	99.9	NA
31437	2024-06-24	20:27:07	15.95	101075.53	73.79	102063.45
25765	2024-06-24	21:23:55	17.6	NA	99.9	NA
31437	2024-06-24	21:23:36	15.36	101104.53	74.51	102094.77
25765	2024-06-24	22:29:57	16.7	NA	99.9	NA
31437	2024-06-24	22:29:10	15.02	101112.94	76.25	102104.43
25765	2024-06-25	06:34:59	19.1	NA	99.9	NA
31437	2024-06-25	06:33:33	32.38	101128.75	36.6	102063.84
25765	2024-06-25	07:23:35	20.1	NA	99.9	NA
31437	2024-06-25	07:24:28	31.53	101118.31	33.39	102055.92
25765	2024-06-25	08:31:36	21	NA	99.9	NA
31437	2024-06-25	08:30:02	32.88	101118.88	30.05	102052.35
25765	2024-06-25	09:27:53	21.8	NA	99.9	NA
31437	2024-06-25	09:26:23	33.3	101124.94	27.93	102057.18
25765	2024-06-25	10:31:53	22.7	NA	99.9	NA
31437	2024-06-25	10:30:41	33.38	101124.19	27.07	102056.18
25765	2024-06-25	11:23:13	23.5	NA	99.9	NA
31437	2024-06-25	11:24:18	25.55	101117.81	38.87	102074.26
25765	2024-06-25	12:45:54	24.6	NA	99.9	NA
31437	2024-06-25	12:46:45	22.29	101073.13	47.39	102039.75
25765	2024-06-25	13:29:42	25.1	NA	99.2	NA
31437	2024-06-25	13:27:59	21.97	101049.06	47.94	102016.5
25765	2024-06-25	14:30:31	25	NA	96.5	NA
31437	2024-06-25	14:31:04	21.77	101015.63	44.78	101983.41
25765	2024-06-25	15:28:54	24.3	NA	94.3	NA
31437	2024-06-25	15:27:02	21.6	100974.13	42.25	101942.07
25765	2024-06-25	16:34:31	23.7	NA	96.3	NA
31437	2024-06-25	16:34:54	21.79	100940.63	45.24	101907.62
25765	2024-06-25	17:27:58	23.5	NA	89.5	NA
31437	2024-06-25	17:28:19	21.44	100900	39.03	101867.76
25765	2024-06-25	18:33:52	22.3	NA	98.4	NA
31437	2024-06-25	18:33:53	20.83	100855.19	44.02	101824.53
25765	2024-06-25	19:24:53	21.1	NA	99.9	NA
31437	2024-06-25	19:24:52	19.43	100791.5	49.49	101764.88
25765	2024-06-25	20:25:50	19.8	NA	99.9	NA
31437	2024-06-25	20:25:41	18.2	100838.84	52.9	101816.81
25765	2024-06-25	21:24:17	18.5	NA	99.9	NA
31437	2024-06-25	21:23:52	16.97	100841.66	52.84	101823.82
25765	2024-06-25	22:29:59	17.3	NA	99.9	NA
31437	2024-06-25	22:29:22	16.53	100862.94	51.35	101846.8
25765	2024-06-26	06:34:33	20	NA	99.9	NA
31437	2024-06-26	06:35:11	32.45	100792.34	37.7	101724.11
25765	2024-06-26	07:23:08	20.8	NA	99.9	NA
31437	2024-06-26	07:23:38	30.28	100796.56	32.37	101735.05
25765	2024-06-26	08:31:10	22.3	NA	99.9	NA
31437	2024-06-26	08:31:36	33.11	100768.13	31.17	101697.66
25765	2024-06-26	09:27:32	23.3	NA	99.9	NA
31437	2024-06-26	09:27:54	35.59	100745.19	27.32	101667.01
25765	2024-06-26	10:29:32	24.4	NA	99.9	NA
31437	2024-06-26	10:31:43	35.26	100733.59	28.06	101656.3
25765	2024-06-26	11:23:29	25.2	NA	99.9	NA
31437	2024-06-26	11:23:11	27.57	100703.16	37.29	101649.27
25765	2024-06-26	13:27:30	27	NA	97.8	NA
31437	2024-06-26	13:26:54	24.47	100630.38	46.17	101585.69
25765	2024-06-26	14:28:19	26.5	NA	95.6	NA
31437	2024-06-26	14:27:36	23.69	100598.03	44.98	101555.55
25765	2024-06-26	15:29:11	25.5	NA	96.8	NA
31437	2024-06-26	15:28:18	23.42	100566.97	46.16	101525.07
25765	2024-06-26	16:32:39	25.5	NA	95.9	NA
31437	2024-06-26	16:33:55	23.06	100513.44	46.46	101472.2
25765	2024-06-26	17:28:36	25.4	NA	97.3	NA
31437	2024-06-26	17:27:18	23.02	100512.78	47.48	101471.66
25765	2024-06-26	18:31:56	23.7	NA	99.7	NA
31437	2024-06-26	18:30:59	22.41	100495.06	48.27	101455.76
25765	2024-06-26	19:23:10	22.8	NA	99.9	NA
31437	2024-06-26	19:24:20	21.82	100489.56	48.58	101452.13
25765	2024-06-26	20:28:55	21.8	NA	99.9	NA
31437	2024-06-26	20:27:40	20.96	100489.53	50.96	101454.93
25765	2024-06-26	21:27:18	20.8	NA	99.9	NA
31437	2024-06-26	21:26:12	20.29	100467.28	52.2	101434.68
25765	2024-06-26	22:30:51	20	NA	99.9	NA
31437	2024-06-26	22:29:17	19.74	100449.66	56.09	101418.71
25765	2024-06-27	06:33:30	22.8	NA	99.9	NA
31437	2024-06-27	06:32:46	26.71	100304.69	43.17	101249.77
25765	2024-06-27	07:24:39	23.8	NA	99.9	NA
31437	2024-06-27	07:23:43	28.59	100265.47	38.38	101204.27
25765	2024-06-27	08:32:57	25.6	NA	99.9	NA
31437	2024-06-27	08:31:44	29.5	100177.28	36.5	101112.42
25765	2024-06-27	09:27:27	26.9	NA	99.9	NA
31437	2024-06-27	09:28:28	30.9	100125.69	34.67	101056.03
25765	2024-06-27	10:32:15	28.3	NA	99.3	NA
31437	2024-06-27	10:33:01	31.81	100060.31	33.86	100987.26
25765	2024-06-27	11:23:33	28.9	NA	98.5	NA
31437	2024-06-27	11:24:30	29.14	100029.03	39.59	100963.9
25765	2024-06-27	12:46:23	29.4	NA	98	NA
31437	2024-06-27	12:47:10	28.54	100014.88	44.21	100951.49
25765	2024-06-27	13:27:44	29.4	NA	98.2	NA
31437	2024-06-27	13:28:25	26.8	100012.03	48.37	100954.06
25765	2024-06-27	14:28:31	28.7	NA	99.2	NA
31437	2024-06-27	14:29:07	26.27	99969.28	50.26	100912.58
25765	2024-06-27	15:29:21	28.8	NA	96.7	NA
31437	2024-06-27	15:30:02	27.41	99887.88	43.42	100826.83
25765	2024-06-27	16:33:09	28.9	NA	97.2	NA
31437	2024-06-27	16:33:13	26.86	99883.69	47.08	100824.33
25765	2024-06-27	17:29:06	28	NA	97.3	NA
31437	2024-06-27	17:29:05	26.93	99862.72	45.33	100802.94
25765	2024-06-27	18:29:54	26.7	NA	98.3	NA
31437	2024-06-27	18:29:42	25.94	99857.53	47.22	100800.82
25765	2024-06-27	19:23:30	26.2	NA	99.9	NA
31437	2024-06-27	19:23:01	25.57	99828.66	51.05	100772.85
25765	2024-06-27	20:26:47	25.4	NA	99.9	NA
31437	2024-06-27	20:26:12	24.91	99763.91	53.42	100709.59
25765	2024-06-27	21:25:18	25.2	NA	99.9	NA
31437	2024-06-27	21:24:30	24.75	99775.72	54.46	100722.02
25765	2024-06-27	22:28:38	24.8	NA	99.9	NA
31437	2024-06-27	22:27:43	24	99792.81	58.57	100741.67
25765	2024-06-28	06:32:45	21.1	NA	99.9	NA
31437	2024-06-28	06:34:18	20.78	99689.41	100	100647.71
25765	2024-06-28	07:23:54	21.7	NA	99.9	NA
31437	2024-06-28	07:25:13	23.62	99694.06	100	100643.2
25765	2024-06-28	08:30:01	22.1	NA	99.9	NA
31437	2024-06-28	08:31:01	23.17	99736.16	87.3	100687.15
25765	2024-06-28	09:26:28	21.7	NA	99.9	NA
31437	2024-06-28	09:26:59	22.27	99755.53	92.8	100709.61
25765	2024-06-28	10:30:46	21.4	NA	99.9	NA
31437	2024-06-28	10:31:20	21.7	99773.34	85.28	100729.44
25765	2024-06-28	11:25:03	20.4	NA	99.9	NA
31437	2024-06-28	11:25:10	19.56	99818.53	93.87	100782.09
25765	2024-06-28	12:47:41	20.2	NA	99.9	NA
31437	2024-06-28	12:47:40	20	99839.81	100	100802.12
25765	2024-06-28	13:26:36	21.3	NA	99.9	NA
31437	2024-06-28	13:26:28	22.74	99833.53	100	100786.84
25765	2024-06-28	14:27:41	23.2	NA	99.9	NA
31437	2024-06-28	14:29:50	21.61	99808.31	96.32	100765.04
25765	2024-06-28	15:25:59	21.5	NA	99.9	NA
31437	2024-06-28	15:28:00	20.45	99923.41	74.77	100885.04
25765	2024-06-28	16:31:30	17.9	NA	99.9	NA
31437	2024-06-28	16:30:59	16.4	99989.06	95.88	100964.84
25765	2024-06-28	17:29:47	18.6	NA	99.9	NA
31437	2024-06-28	17:29:09	17.44	99994.47	100	100966.8
25765	2024-06-28	18:32:54	18.5	NA	99.9	NA
31437	2024-06-28	18:32:13	17.7	100052.81	100	101024.83
25765	2024-06-28	19:23:53	17.7	NA	99.9	NA
31437	2024-06-28	19:23:07	16.51	100062.88	94.93	101039.01
25765	2024-06-28	20:24:42	17.1	NA	99.9	NA
31437	2024-06-28	20:26:11	15.65	100084.28	81.89	101063.53
25765	2024-06-28	21:27:57	17.1	NA	99.9	NA
31437	2024-06-28	21:26:53	16.02	100113.56	77.31	101091.84
25765	2024-06-28	22:31:20	16.7	NA	99.9	NA
31437	2024-06-28	22:29:58	15.49	100134.5	76.26	101114.79
25765	2024-06-29	06:32:25	17.2	NA	99.9	NA
31437	2024-06-29	06:32:47	24.36	100453.31	39.55	101407.29
25765	2024-06-29	07:25:51	17.8	NA	99.9	NA
31437	2024-06-29	07:26:07	24.12	100496.38	38.92	101451.54
25765	2024-06-29	08:31:46	18.3	NA	99.9	NA
31437	2024-06-29	08:31:47	21.49	100541.44	45.25	101505.59
25765	2024-06-29	09:25:58	18.5	NA	99.9	NA
31437	2024-06-29	09:27:48	21.55	100539.31	47.43	101503.25
25765	2024-06-29	10:30:13	19.1	NA	99.9	NA
31437	2024-06-29	10:29:30	22.22	100561.34	44.62	101523.29
25765	2024-06-29	11:23:54	18.1	NA	99.9	NA
31437	2024-06-29	11:23:06	18.4	100577.13	55.88	101551.89
25765	2024-06-29	12:44:47	17.7	NA	99.9	NA
31437	2024-06-29	12:43:33	18.31	100544.16	56.45	101518.9
25765	2024-06-29	13:26:08	19.3	NA	99.9	NA
31437	2024-06-29	13:24:43	19.04	100509.66	52.24	101481.62
25765	2024-06-29	14:29:18	17.8	NA	99.9	NA
31437	2024-06-29	14:27:57	17.53	100505.84	57.46	101482.83
25765	2024-06-29	15:25:11	17.6	NA	99.9	NA
31437	2024-06-29	15:26:10	16.89	100501.88	67.29	101481
25765	2024-06-29	16:33:16	18.3	NA	99.9	NA
31437	2024-06-29	16:31:44	17.57	100462.81	61.64	101439.25
25765	2024-06-29	17:26:51	17.4	NA	99.9	NA
31437	2024-06-29	17:27:31	16.65	100446.72	67.2	101426.12
25765	2024-06-29	18:30:09	17.2	NA	99.9	NA
31437	2024-06-29	18:30:36	16.43	100393.28	67.25	101372.9
25765	2024-06-29	19:23:41	17	NA	99.9	NA
31437	2024-06-29	19:23:55	16.3	100390.22	66.46	101370.25
25765	2024-06-29	20:26:53	17	NA	99.9	NA
31437	2024-06-29	20:24:41	16.25	100360.69	68.61	101340.61
25765	2024-06-29	21:25:19	16.5	NA	99.9	NA
31437	2024-06-29	21:25:18	15.6	100329.53	68.07	101311.35
25765	2024-06-29	22:30:58	16.3	NA	99.9	NA
31437	2024-06-29	22:30:47	15.48	100288.88	68.34	101270.72
25765	2024-06-30	06:32:46	17	NA	99.9	NA
31437	2024-06-30	06:31:38	16.39	99872.94	81.65	100847.62
25765	2024-06-30	07:23:52	17.3	NA	99.9	NA
31437	2024-06-30	07:25:00	16.69	99869.13	78.42	100842.76
25765	2024-06-30	08:29:35	17.5	NA	99.9	NA
31437	2024-06-30	08:28:05	16.37	99806.69	78.58	100780.79
25765	2024-06-30	09:28:18	18	NA	99.9	NA
31437	2024-06-30	09:29:10	16.84	99771.47	76.84	100743.64
25765	2024-06-30	10:30:24	17.7	NA	99.9	NA
31437	2024-06-30	10:28:58	15.98	99688.72	73.18	100662.99
25765	2024-06-30	11:24:19	17.7	NA	99.9	NA
31437	2024-06-30	11:24:58	15.98	99645.97	77.39	100619.82
25765	2024-06-30	12:44:32	18.3	NA	99.9	NA
31437	2024-06-30	12:44:59	17.26	99619.22	75.92	100588.5
25765	2024-06-30	13:25:58	18.8	NA	99.9	NA
31437	2024-06-30	13:26:18	17.54	99620.47	69.92	100588.82
25765	2024-06-30	14:26:42	18.3	NA	99.9	NA
31437	2024-06-30	14:26:56	16.92	99589.34	70.11	100559.47
25765	2024-06-30	15:27:30	19.1	NA	99.9	NA
31437	2024-06-30	15:27:32	17.96	99592.09	66.54	100558.77
25765	2024-06-30	16:30:41	17.8	NA	99.9	NA
31437	2024-06-30	16:30:37	16.04	99587.28	70.58	100560.35
25765	2024-06-30	17:26:40	17.1	NA	99.9	NA
31437	2024-06-30	17:26:51	14.82	99582.66	74.2	100559.83
25765	2024-06-30	18:32:23	16.8	NA	99.9	NA
31437	2024-06-30	18:32:23	15.49	99590.38	79.79	100565.34
25765	2024-06-30	19:23:35	16.8	NA	99.9	NA
31437	2024-06-30	19:23:27	15.45	99614.97	82.12	100590.31
25765	2024-06-30	20:26:55	16.2	NA	99.9	NA
31437	2024-06-30	20:26:29	14.93	99644.94	83.01	100622.34
25765	2024-06-30	21:25:20	15.9	NA	99.9	NA
31437	2024-06-30	21:27:09	14.1	99670.56	82.14	100651.05
25765	2024-06-30	22:28:32	15.7	NA	99.9	NA
31437	2024-06-30	22:27:50	14.11	99699.22	83.27	100679.96
25765	2024-07-01	06:35:18	16.9	NA	99.9	NA
31437	2024-07-01	06:36:01	25.17	99665.38	42.45	100609.3
25765	2024-07-01	07:26:25	16.8	NA	99.9	NA
31437	2024-07-01	07:26:58	23.84	99673	42.67	100621.23
25765	2024-07-01	08:32:28	17.2	NA	99.9	NA
31437	2024-07-01	08:32:46	21.64	99668.97	46.75	100624.27
25765	2024-07-01	09:31:15	17.1	NA	99.9	NA
31437	2024-07-01	09:31:37	20.12	99698.66	49.79	100659.22
25765	2024-07-01	10:33:11	18.2	NA	99.9	NA
31437	2024-07-01	10:33:41	23.93	99697.97	38.03	100646.15
25765	2024-07-01	11:24:33	18.4	NA	99.9	NA
31437	2024-07-01	11:25:01	21.96	99720.63	42.71	100675.38
25765	2024-07-01	12:47:14	18.9	NA	99.9	NA
31437	2024-07-01	12:47:32	19.65	99721.56	50.16	100683.88
25765	2024-07-01	13:28:31	19.2	NA	99.9	NA
31437	2024-07-01	13:28:55	19.22	99716.94	51.57	100680.64
25765	2024-07-01	14:29:16	19.1	NA	99.9	NA
31437	2024-07-01	14:29:35	19.65	99700.5	52.82	100662.62
25765	2024-07-01	15:27:54	19	NA	99.9	NA
31437	2024-07-01	15:27:57	19.53	99666.03	52.98	100628.21
25765	2024-07-01	16:31:17	19.1	NA	99.9	NA
31437	2024-07-01	16:31:09	18.58	99632.66	56.12	100597.67
25765	2024-07-01	17:29:49	18.8	NA	99.9	NA
31437	2024-07-01	17:29:25	18.15	99632.31	58.87	100598.74
25765	2024-07-01	18:32:40	17.6	NA	99.9	NA
31437	2024-07-01	18:31:15	16.76	99616.31	59.96	100587.24
25765	2024-07-01	19:23:38	16.9	NA	99.9	NA
31437	2024-07-01	19:23:40	15.73	99624.28	62.78	100598.76
25765	2024-07-01	20:27:54	16.1	NA	99.9	NA
31437	2024-07-01	20:25:54	14.74	99618.63	65.87	100596.42
25765	2024-07-01	21:25:15	15.8	NA	99.9	NA
31437	2024-07-01	21:25:57	14.22	99614.44	69.82	100593.97
25765	2024-07-01	22:29:52	15.2	NA	99.9	NA
31437	2024-07-01	22:27:43	13.53	99595.09	71.81	100576.79
25765	2024-07-02	06:35:53	16	NA	99.9	NA
31437	2024-07-02	06:34:22	16.43	99399.53	68.27	100369.45
25765	2024-07-02	07:27:10	16.9	NA	99.9	NA
31437	2024-07-02	07:27:42	17.98	99394.22	62.29	100358.91
25765	2024-07-02	08:30:17	17.6	NA	99.9	NA
31437	2024-07-02	08:30:46	20.68	99386.72	53.06	100342.44
25765	2024-07-02	09:26:38	18.1	NA	99.9	NA
31437	2024-07-02	09:26:50	20.06	99362.63	52.77	100320.14
25765	2024-07-02	10:30:46	18.7	NA	99.9	NA
31437	2024-07-02	10:30:46	23.7	99329.63	46.7	100275.04
25765	2024-07-02	11:22:52	18.3	NA	99.9	NA
31437	2024-07-02	11:22:53	20.82	99342.72	50.79	100297.56
25765	2024-07-02	12:45:38	20.7	NA	99.9	NA
31437	2024-07-02	12:45:30	19.98	99322.75	53.29	100280.14
25765	2024-07-02	13:26:58	21.1	NA	99.9	NA
31437	2024-07-02	13:26:51	19.49	99292.53	55.73	100251.24
25765	2024-07-02	14:28:01	21.3	NA	99.9	NA
31437	2024-07-02	14:27:33	19.36	99289.84	54.63	100248.95
25765	2024-07-02	15:26:24	20.4	NA	99.9	NA
31437	2024-07-02	15:25:47	19.09	99257.28	54.6	100216.97
25765	2024-07-02	16:34:38	20.6	NA	99.9	NA
31437	2024-07-02	16:33:40	18.6	99238.31	54.93	100199.43
25765	2024-07-02	17:28:17	19.8	NA	99.9	NA
31437	2024-07-02	17:29:31	18.31	99218.09	54.09	100179.98
25765	2024-07-02	18:33:58	18.9	NA	99.9	NA
31437	2024-07-02	18:32:42	17.22	99229.53	56.14	100195.15
25765	2024-07-02	19:23:08	17.9	NA	99.9	NA
31437	2024-07-02	19:24:32	16.13	99208.97	61.62	100178.04
25765	2024-07-02	20:28:45	17.4	NA	99.9	NA
31437	2024-07-02	20:30:04	15.53	99206.59	68.67	100177.66
25765	2024-07-02	21:25:13	17.4	NA	99.9	NA
31437	2024-07-02	21:25:53	15.92	99178.56	70.3	100148.04
25765	2024-07-02	22:30:45	17	NA	99.9	NA
31437	2024-07-02	22:29:03	15.69	99135.22	74.51	100105.05
25765	2024-07-03	06:35:06	17.1	NA	99.9	NA
31437	2024-07-03	06:34:34	17.32	99018.25	69.34	99981.48
25765	2024-07-03	07:23:42	17.9	NA	99.9	NA
31437	2024-07-03	07:25:43	19.16	99031.5	59.58	99988.77
25765	2024-07-03	08:31:59	17.6	NA	99.9	NA
31437	2024-07-03	08:31:22	19.42	99058.72	60.71	100015.4
25765	2024-07-03	09:27:04	18.1	NA	99.9	NA
31437	2024-07-03	09:26:43	19.19	99076.03	56.6	100033.64
25765	2024-07-03	10:34:02	17.6	NA	99.9	NA
31437	2024-07-03	10:33:35	19.65	99113.41	51.54	100069.87
25765	2024-07-03	11:23:22	17.3	NA	99.9	NA
31437	2024-07-03	11:22:44	18.77	99145.25	53.44	100104.91
25765	2024-07-03	12:46:08	18.7	NA	99.9	NA
31437	2024-07-03	12:47:43	19.58	99176.13	47.66	100133.42
25765	2024-07-03	13:27:32	18.5	NA	99.9	NA
31437	2024-07-03	13:28:56	19.03	99197.97	46.58	100157.28
25765	2024-07-03	14:28:26	18.7	NA	99.9	NA
31437	2024-07-03	14:29:37	18.47	99219.81	46.55	100181.18
25765	2024-07-03	15:26:59	18.7	NA	99.9	NA
31437	2024-07-03	15:27:54	17.64	99213.22	51.67	100177.28
25765	2024-07-03	16:33:16	19	NA	99.9	NA
31437	2024-07-03	16:33:39	18.26	99186	54.63	100147.74
25765	2024-07-03	17:26:46	18.3	NA	99.9	NA
31437	2024-07-03	17:27:05	17.63	99188.78	55.19	100152.64
25765	2024-07-03	18:30:09	17.2	NA	99.9	NA
31437	2024-07-03	18:30:23	15.74	99191.63	61.03	100161.85
25765	2024-07-03	19:23:45	16.8	NA	99.9	NA
31437	2024-07-03	19:23:50	15.42	99175.75	63.85	100146.89
25765	2024-07-03	20:27:07	16.5	NA	99.9	NA
31437	2024-07-03	20:27:06	14.84	99203.72	63.9	100177.1
25765	2024-07-03	21:25:40	16.2	NA	99.9	NA
31437	2024-07-03	21:25:37	14.61	99222.09	65.7	100196.43
25765	2024-07-03	22:28:52	16	NA	99.9	NA
31437	2024-07-03	22:28:40	14.63	99186.28	65.14	100160.2
25765	2024-07-04	06:33:28	15	NA	99.9	NA
31437	2024-07-04	06:34:48	13.17	98853.56	100	99829.18
25765	2024-07-04	07:24:27	14.8	NA	99.9	NA
31437	2024-07-04	07:25:43	13.31	98799.06	100	99773.67
25765	2024-07-04	08:32:52	15	NA	99.9	NA
31437	2024-07-04	08:32:00	13.63	98730.72	99.53	99703.56
25765	2024-07-04	09:29:29	15.3	NA	99.9	NA
31437	2024-07-04	09:31:02	13.88	98721.72	94.22	99693.62
25765	2024-07-04	10:28:47	15.1	NA	99.9	NA
31437	2024-07-04	10:30:13	13.26	98673.31	98.72	99646.85
25765	2024-07-04	11:28:00	13.8	NA	99.9	NA
31437	2024-07-04	11:26:32	11.41	98646.56	100	99626.19
25765	2024-07-04	12:45:48	14	NA	99.9	NA
31437	2024-07-04	12:44:37	11.51	98639.25	100	99618.46
25765	2024-07-04	13:27:31	13.7	NA	99.9	NA
31437	2024-07-04	13:28:17	11.61	98674.34	100	99653.55
25765	2024-07-04	14:28:16	16	NA	99.9	NA
31437	2024-07-04	14:29:08	14.42	98679	100	99648.65
25765	2024-07-04	15:29:02	15.8	NA	99.9	NA
31437	2024-07-04	15:27:38	14.73	98713.06	100	99682
25765	2024-07-04	16:32:19	15.5	NA	99.9	NA
31437	2024-07-04	16:33:20	14.3	98765.75	87.03	99736.66
25765	2024-07-04	17:28:16	15.7	NA	99.9	NA
31437	2024-07-04	17:29:09	13.79	98829.06	74.37	99802.33
25765	2024-07-04	18:31:39	14.9	NA	99.9	NA
31437	2024-07-04	18:32:10	13.49	98861.69	76.84	99836.3
25765	2024-07-04	19:22:55	14.5	NA	99.9	NA
31437	2024-07-04	19:23:13	13.05	98907.88	76.41	99884.45
25765	2024-07-04	20:26:09	13.6	NA	99.9	NA
31437	2024-07-04	20:26:14	11.15	98973.09	86.01	99956.86
25765	2024-07-04	21:24:33	13.7	NA	99.9	NA
31437	2024-07-04	21:24:27	11.7	98982.5	84.22	99964.46
25765	2024-07-04	22:30:23	13.6	NA	99.9	NA
31437	2024-07-04	22:30:00	11.88	98967.97	84	99949.16
25765	2024-07-05	06:35:27	15.2	NA	99.9	NA
31437	2024-07-05	06:35:54	19.39	98873.88	61.35	99828.88
25765	2024-07-05	07:24:04	15.1	NA	99.9	NA
31437	2024-07-05	07:24:32	18.99	98899.34	64.68	99855.89
25765	2024-07-05	08:30:00	15.6	NA	99.9	NA
31437	2024-07-05	08:30:33	17.24	98923.44	58.51	99886.02
25765	2024-07-05	09:28:48	16.2	NA	99.9	NA
31437	2024-07-05	09:29:28	19.49	98951.22	50.99	99906.63
25765	2024-07-05	10:30:37	16.4	NA	99.9	NA
31437	2024-07-05	10:30:39	19.71	98994.5	51.22	99949.61
25765	2024-07-05	11:23:05	16.3	NA	99.9	NA
31437	2024-07-05	11:23:02	16.75	99016.25	55.18	99981.36
25765	2024-07-05	13:27:08	16.4	NA	99.9	NA
31437	2024-07-05	13:26:48	16.69	99026.13	64.25	99991.54
